Team Name,Group Name,Player Name,Position
Mexico,A,Carlos Acevedo,GK
Mexico,A,Guillermo Ochoa,GK
Mexico,A,Raul Rangel,GK
Mexico,A,Edson Alvarez,DF
Mexico,A,Israel Reyes,DF
Mexico,A,Jesus Gallardo,DF
Mexico,A,Johan Vasquez,DF
Mexico,A,Jorge Sanchez,DF
Mexico,A,Mateo Chavez,DF
Mexico,A,Alvaro Fidalgo,MF
Mexico,A,Brian Gutierrez,MF
Mexico,A,Erik Lira,MF
Mexico,A,Gilberto Mora,MF
Mexico,A,Luis Romo,MF
Mexico,A,Obed Vargas,MF
Mexico,A,Orbelin Pineda,MF
Mexico,A,Alexis Vega,FW
Mexico,A,Armando Gonzalez,FW
Mexico,A,César Huerta,FW
Mexico,A,Guillermo Martinez,FW
Mexico,A,Julian Quinones,FW
Mexico,A,Raul Jimenez,FW
Mexico,A,Santiago Gimenez,FW
South Africa,A,Sipho Chaine,GK
South Africa,A,Ricardo Goss,GK
South Africa,A,Ronwen Williams,GK
South Africa,A,Aubrey Modiba,DF
South Africa,A,Khuliso Mudau,DF
South Africa,A,Nkosinathi Sibisi,DF
South Africa,A,Mbekezeli Mbokazi,DF
South Africa,A,Ime Okon,DF
South Africa,A,Samukele Kabini,DF
South Africa,A,Khulumani Ndamane,DF
South Africa,A,Thabang Matuludi,DF
South Africa,A,Kamogelo Sebelebele,DF
South Africa,A,Bradley Cross,DF
South Africa,A,Olwethy Makhanya,DF
South Africa,A,Teboho Mokoena,MF
South Africa,A,Sphephelo Sithole,MF
South Africa,A,Thalente Mbatha,MF
South Africa,A,Jayden Adams,MF
South Africa,A,Themba Zwane,FW
South Africa,A,Lyle Foster,FW
South Africa,A,Evidence Makgopa,FW
South Africa,A,Oswin Appollis,FW
South Africa,A,Iqraam Rayners,FW
South Africa,A,Relebohile Mofokeng,FW
South Africa,A,Thapelo Maseko,FW
South Africa,A,Tshepang Moremi,FW
South Korea,A,Hyeon-Woo Jo,GK
South Korea,A,Seung-Gyu Kim,GK
South Korea,A,Bum-Keun Song,GK
South Korea,A,Moon-Hwan Kim,DF
South Korea,A,Min-Jae Kim,DF
South Korea,A,Tae-Hyon Kim,DF
South Korea,A,Jin-Seob Park,DF
South Korea,A,Young-Woo Seol,DF
South Korea,A,Jens Castrop,DF
South Korea,A,Ki-Hyuk Lee,DF
South Korea,A,Tae-Seok Lee,DF
South Korea,A,Han-Beom Lee,DF
South Korea,A,Yu-Min Cho,DF
South Korea,A,Jin-Gyu Kim,MF
South Korea,A,Jun-Ho Bae,MF
South Korea,A,Seung-Ho Paik,MF
South Korea,A,Hyun-Jun Yang,MF
South Korea,A,Ji-Sung Eom,MF
South Korea,A,Kang-In Lee,MF
South Korea,A,Dong-Gyeong Lee,MF
South Korea,A,Jae-Sung Lee,MF
South Korea,A,In-Beom Hwang,MF
South Korea,A,Hee-Chan Hwang,MF
South Korea,A,Heung-Min Son,FW
South Korea,A,Hyeon-Gyu Oh,FW
South Korea,A,Gue-Sung Cho,FW
Czech Republic,A,Lukas Hornicek,GK
Czech Republic,A,Matej Kovar,GK
Czech Republic,A,Jindrich Stanek,GK
Czech Republic,A,Vladimir Coufal,DF
Czech Republic,A,David Doudera,DF
Czech Republic,A,Tomas Holes,DF
Czech Republic,A,Robin Hranac,DF
Czech Republic,A,Stepan Chaloupek,DF
Czech Republic,A,David Jurasek,DF
Czech Republic,A,Ladislav Krejci,DF
Czech Republic,A,Jaroslav Zeleny,DF
Czech Republic,A,David Zima,DF
Czech Republic,A,Lukas Cerv,MF
Czech Republic,A,Vladimir Darida,MF
Czech Republic,A,Lukas Provod,MF
Czech Republic,A,Michal Sadilek,MF
Czech Republic,A,Hugo Sochurek,MF
Czech Republic,A,Alexandr Sojka,MF
Czech Republic,A,Tomas Soucek,MF
Czech Republic,A,Pavel Sulc,MF
Czech Republic,A,Denis Visinsky,MF
Czech Republic,A,Adam Hlozek,FW
Czech Republic,A,Tomas Chory,FW
Czech Republic,A,Mojmir Chytil,FW
Czech Republic,A,Jan Kuchta,FW
Czech Republic,A,Patrik Schick,FW
Canada,B,Maxime Crepeau,GK
Canada,B,Owen Goodman,GK
Canada,B,Dayne St. Clair,GK
Canada,B,Moise Bombito,DF
Canada,B,Derek Cornelius,DF
Canada,B,Alphonso Davies,DF
Canada,B,Luc de Fougerolles,DF
Canada,B,Alistair Johnston,DF
Canada,B,Alfie Jones,DF
Canada,B,Richie Laryea,DF
Canada,B,Niko Sigur,DF
Canada,B,Joel Waterman,DF
Canada,B,Ali Ahmed,MF
Canada,B,Tajon Buchanan,MF
Canada,B,Mathieu Choiniere,MF
Canada,B,Stephen Eustaquio,MF
Canada,B,Marcelo Flores,MF
Canada,B,Ismael Kone,MF
Canada,B,Liam Millar,MF
Canada,B,Jonathan Osorio,MF
Canada,B,Nathan-Dylan Saliba,MF
Canada,B,Jacob Shaffelburg,MF
Canada,B,Jonathan David,FW
Canada,B,Promise David,FW
Canada,B,Cyle Larin,FW
Canada,B,Tani Oluwaseyi,FW
Bosnia-Herzegovina,B,Nikola Vasilj,GK
Bosnia-Herzegovina,B,Martin Zlomislic,GK
Bosnia-Herzegovina,B,Osman Hadzikic,GK
Bosnia-Herzegovina,B,Sead Kolasinac,DF
Bosnia-Herzegovina,B,Amar Dedic,DF
Bosnia-Herzegovina,B,Nihad Mujakic,DF
Bosnia-Herzegovina,B,Nikola Katic,DF
Bosnia-Herzegovina,B,Tarik Muharemovic,DF
Bosnia-Herzegovina,B,Stjepan Radeljic,DF
Bosnia-Herzegovina,B,Dennis Hadzikadunic,DF
Bosnia-Herzegovina,B,Nidal Celik,DF
Bosnia-Herzegovina,B,Amir Hadziahmetovic,MF
Bosnia-Herzegovina,B,Ivan Sunjic,MF
Bosnia-Herzegovina,B,Ivan Basic,MF
Bosnia-Herzegovina,B,Dzenis Burnic,MF
Bosnia-Herzegovina,B,Ermin Mahmic,MF
Bosnia-Herzegovina,B,Benjamin Tahirovic,MF
Bosnia-Herzegovina,B,Amar Memic,MF
Bosnia-Herzegovina,B,Armin Gigovic,MF
Bosnia-Herzegovina,B,Kerim Alajbegovic,MF
Bosnia-Herzegovina,B,Esmir Bajraktarevic,MF
Bosnia-Herzegovina,B,Ermedin Demirovic,FW
Bosnia-Herzegovina,B,Jovo Lukic,FW
Bosnia-Herzegovina,B,Samed Bazdar,FW
Bosnia-Herzegovina,B,Haris Tabakovic,FW
Bosnia-Herzegovina,B,Edin Dzeko,FW
Qatar,B,Salah Zakaria,GK
Qatar,B,Mahmoud Abunada,GK
Qatar,B,Meshaal Barsham,GK
Qatar,B,Hashmi Hussein,DF
Qatar,B,Ayoub Alawi,DF
Qatar,B,Boualem Khoukhi,DF
Qatar,B,Pedro Miguel,DF
Qatar,B,Issa Laaye,DF
Qatar,B,Lucas Mendes,DF
Qatar,B,Sultan Al-Brake,DF
Qatar,B,Homam Al-Amin,DF
Qatar,B,Mohammed Al-Manai,MF
Qatar,B,Jassem Jaber,MF
Qatar,B,Karim Boudiaf,MF
Qatar,B,Ahmed Fathi,MF
Qatar,B,Abdulaziz Hatem,MF
Qatar,B,Assim Madibo,MF
Qatar,B,Tahseen Mohammed,FW
Qatar,B,Edmilson Junior,FW
Qatar,B,Almoez Ali,FW
Qatar,B,Akram Afif,FW
Qatar,B,Mohammed Muntari,FW
Qatar,B,Youssef Abdulrazzaq,FW
Qatar,B,Ahmed Alaa,FW
Qatar,B,Hassan Al-Haydos,FW
Qatar,B,Ahmed Al-Janahi,FW
Switzerland,B,Marvin Keller,GK
Switzerland,B,Gregor Kobel,GK
Switzerland,B,Yvon Mvogo,GK
Switzerland,B,Manuel Akanji,DF
Switzerland,B,Aurele Amenda,DF
Switzerland,B,Eray Comert,DF
Switzerland,B,Nico Elvedi,DF
Switzerland,B,Luca Jaquez,DF
Switzerland,B,Miro Muheim,DF
Switzerland,B,Ricardo Rodriguez,DF
Switzerland,B,Silvan Widmer,DF
Switzerland,B,Michel Aebischer,MF
Switzerland,B,Christian Fassnacht,MF
Switzerland,B,Remo Freuler,MF
Switzerland,B,Ardon Jashari,MF
Switzerland,B,Johan Manzambi,MF
Switzerland,B,Fabian Rieder,MF
Switzerland,B,Djibril Sow,MF
Switzerland,B,Ruben Vargas,MF
Switzerland,B,Granit Xhaka,MF
Switzerland,B,Denis Zakaria,MF
Switzerland,B,Zeki Amdouni,FW
Switzerland,B,Breel Embolo,FW
Switzerland,B,Cedric Itten,FW
Switzerland,B,Dan Ndoye,FW
Switzerland,B,Noah Okafor,FW
Brazil,C,Alisson,GK
Brazil,C,Ederson,GK
Brazil,C,Weverton,GK
Brazil,C,Marquinhos,DF
Brazil,C,Gabriel,DF
Brazil,C,Bremer,DF
Brazil,C,Ibanez,DF
Brazil,C,Leo Pereira,DF
Brazil,C,Wesley,DF
Brazil,C,Danilo,DF
Brazil,C,Alex Sandro,DF
Brazil,C,Douglas Santos,DF
Brazil,C,Casemiro,MF
Brazil,C,Bruno Guimaraes,MF
Brazil,C,Fabinho,MF
Brazil,C,Danilo,MF
Brazil,C,Lucas Paqueta,MF
Brazil,C,Vinicius Junior,FW
Brazil,C,Raphinha,FW
Brazil,C,Matheus Cunha,FW
Brazil,C,Luiz Henrique,FW
Brazil,C,Igor Thiago,FW
Brazil,C,Endrick,FW
Brazil,C,Gabriel Martinelli,FW
Brazil,C,Rayan,FW
Brazil,C,Neymar Jr,FW
Morocco,C,Yassine Bounou,GK
Morocco,C,Munir Mohamedi,GK
Morocco,C,Ahmed Tagnaouti,GK
Morocco,C,Noussair ⁠Mazraoui,DF
Morocco,C,Anass Salah-Eddine,DF
Morocco,C,Youssef Belammari,DF
Morocco,C,Nayef Aguerd,DF
Morocco,C,Chadi Riad,DF
Morocco,C,Issa Diop,DF
Morocco,C,Redouane Halhal,DF
Morocco,C,Achraf Hakimi,DF
Morocco,C,Zakaria El Ouahdi,DF
Morocco,C,Samir El Mourabet,MF
Morocco,C,Ayyoub ⁠Bouaddi,MF
Morocco,C,Neil El Aynaoui,MF
Morocco,C,Sofyan Amrabat,MF
Morocco,C,Azzedine Ounahi,MF
Morocco,C,Bilal El Khannouss,MF
Morocco,C,Ismael Saibari,MF
Morocco,C,Abdessamad Ezzalzouli,FW
Morocco,C,Chemsdine Talbi,FW
Morocco,C,Soufiane Rahimi,FW
Morocco,C,Ayoub El Kaabi,FW
Morocco,C,Brahim Diaz,FW
Morocco,C,Yassine Gessime,FW
Morocco,C,Ayoub Amaimouni-Echghouyabe,FW
Haiti,C,Johnny Placide,GK
Haiti,C,Alexandre Pierre,GK
Haiti,C,Josue Duverger,GK
Haiti,C,Carlens Arcus,DF
Haiti,C,Wilguens Pauguain,DF
Haiti,C,Duke Lacroix,DF
Haiti,C,Martin Experience,DF
Haiti,C,Jean-Kevin Duverne,DF
Haiti,C,Ricardo Ade,DF
Haiti,C,Hannes Delcroix,DF
Haiti,C,Keeto Thermoncy,DF
Haiti,C,Leverton Pierre,MF
Haiti,C,Carl-Fred Sainthe,MF
Haiti,C,Jean-Jacques Danley,MF
Haiti,C,Jean-Ricner Bellegarde,MF
Haiti,C,Pierre Woodenski,MF
Haiti,C,Dominique Simon,MF
Haiti,C,Louicius Deedson,FW
Haiti,C,Ruben Providence,FW
Haiti,C,Josue Casimir,FW
Haiti,C,Derrick Etienne,FW
Haiti,C,Wilson Isidor,FW
Haiti,C,Duckens Nazon,FW
Haiti,C,Frantzdy Pierrot,FW
Haiti,C,Yassin Fortune,FW
Haiti,C,Lenny Joseph,FW
Scotland,C,Craig Gordon,GK
Scotland,C,Angus Gunn,GK
Scotland,C,Liam Kelly,GK
Scotland,C,Grant Hanley,DF
Scotland,C,Jack Hendry,DF
Scotland,C,Aaron Hickey,DF
Scotland,C,Dom Hyam,DF
Scotland,C,Scott McKenna,DF
Scotland,C,Nathan Patterson,DF
Scotland,C,Anthony Ralston,DF
Scotland,C,Andy Robertson,DF
Scotland,C,John Souttar,DF
Scotland,C,Kieran Tierney,DF
Scotland,C,Ryan Christie,MF
Scotland,C,Findlay Curtis,MF
Scotland,C,Lewis Ferguson,MF
Scotland,C,Ben Gannon-Doak,MF
Scotland,C,Tyler Fletcher,MF
Scotland,C,John McGinn,MF
Scotland,C,Kenny McLean,MF
Scotland,C,Scott McTominay,MF
Scotland,C,Che Adams,FW
Scotland,C,Lyndon Dykes,FW
Scotland,C,George Hirst,FW
Scotland,C,Lawrence Shankland,FW
Scotland,C,Ross Stewart,FW
USA,D,Chris Brady,GK
USA,D,Matt Freese,GK
USA,D,Matt Turner,GK
USA,D,Max Arfsten,DF
USA,D,Sergino Dest,DF
USA,D,Alex Freeman,DF
USA,D,Mark McKenzie,DF
USA,D,Tim Ream,DF
USA,D,Chris Richards,DF
USA,D,Antonee Robinson,DF
USA,D,Miles Robinson,DF
USA,D,Joe Scally,DF
USA,D,Auston Trusty,DF
USA,D,Tyler Adams,MF
USA,D,Sebastian Berhalter,MF
USA,D,Weston McKennie,MF
USA,D,Gio Reyna,MF
USA,D,Cristian Roldan,MF
USA,D,Malik Tillman,MF
USA,D,Brenden Aaronson,FW
USA,D,Folarin Balogun,FW
USA,D,Ricardo Pepi,FW
USA,D,Christian Pulisic,FW
USA,D,Tim Weah,FW
USA,D,Haji Wright,FW
USA,D,Alejandro Zendejas,FW
Paraguay,D,Roberto Junior Fernandez,GK
Paraguay,D,Orlando Gill,GK
Paraguay,D,Gaston Olveira,GK
Paraguay,D,Omar Alderete,DF
Paraguay,D,Junior Alonso,DF
Paraguay,D,Fabian Balbuena,DF
Paraguay,D,Juan Jose Caceres,DF
Paraguay,D,Jose Canale,DF
Paraguay,D,Gustavo Gomez,DF
Paraguay,D,Alexandro Maidana,DF
Paraguay,D,Gustavo Velazquez,DF
Paraguay,D,Damian Bobadilla,MF
Paraguay,D,Gustavo Caballero,MF
Paraguay,D,Andres Cubas,MF
Paraguay,D,Matias Galarza,MF
Paraguay,D,Diego Gomez,MF
Paraguay,D,Mauricio Magalhaes,MF
Paraguay,D,Briaian Ojeda,MF
Paraguay,D,Alejandro Romero,MF
Paraguay,D,Miguel Almiron,FW
Paraguay,D,Gabriel Avalos,FW
Paraguay,D,Alex Arce,FW
Paraguay,D,Julio Enciso,FW
Paraguay,D,Isidro Pitta,FW
Paraguay,D,Antonio Sanabria,FW
Paraguay,D,Ramon Sosa,FW
Australia,D,Maty Ryan,GK
Australia,D,Paul Izzo,GK
Australia,D,Patrick Beach,GK
Australia,D,Aziz Behich,DF
Australia,D,Jordan Bos,DF
Australia,D,Cameron Burgess,DF
Australia,D,Alessandro Circati,DF
Australia,D,Milos Degenek,DF
Australia,D,Jason Geria,DF
Australia,D,Lucas Herrington,DF
Australia,D,Jacob Italiano,DF
Australia,D,Harry Souttar,DF
Australia,D,Kai Trewin,DF
Australia,D,Cameron Devlin,MF
Australia,D,Ajdin Hrustic,MF
Australia,D,Jackson Irvine,MF
Australia,D,Connor Metcalfe,MF
Australia,D,Aiden O'Neill,MF
Australia,D,Paul Okon-Engstler,MF
Australia,D,Nestory Irankunda,FW
Australia,D,Mathew Leckie,FW
Australia,D,Awer Mabil,FW
Australia,D,Mohamed Toure,FW
Australia,D,Nishan Velupillay,FW
Australia,D,Cristian Volpato,FW
Australia,D,Tete Yengi,FW
Turkey,D,Ugurcan Cakir,GK
Turkey,D,Altay Bayindir,GK
Turkey,D,Mert Gunok,GK
Turkey,D,Ferdi Kadioglu,DF
Turkey,D,Merih Demiral,DF
Turkey,D,Zeki Celik,DF
Turkey,D,Ozan Kabak,DF
Turkey,D,Mert Muldur,DF
Turkey,D,Abdulkerim Bardakci,DF
Turkey,D,Eren Elmali,DF
Turkey,D,Caglar Soyuncu,DF
Turkey,D,Samet Akaydin,DF
Turkey,D,Arda Guler,MF
Turkey,D,Can Uzun,MF
Turkey,D,Orkun Kokcu,MF
Turkey,D,Hakan Calhanoglu,MF
Turkey,D,Ismail Yuksek,MF
Turkey,D,Kaan Ayhan,MF
Turkey,D,Salih Ozcan,MF
Turkey,D,Kenan Yildiz,FW
Turkey,D,Baris Alper Yilmaz,FW
Turkey,D,Kerem Akturkoglu,FW
Turkey,D,Yunus Akgun,FW
Turkey,D,Oguz Aydin,FW
Turkey,D,Deniz Gul,FW
Turkey,D,Irfan Can Kahveci,FW
Germany,E,Oliver Baumann,GK
Germany,E,Manuel Neuer,GK
Germany,E,Alexander Nubel,GK
Germany,E,Waldemar Anton,DF
Germany,E,Nathaniel Brown,DF
Germany,E,David Raum,DF
Germany,E,Antonio Rudiger,DF
Germany,E,Nico Schlotterbeck,DF
Germany,E,Jonathan Tah,DF
Germany,E,Malick Thiaw,DF
Germany,E,Pascal Gross,MF
Germany,E,Joshua Kimmich,MF
Germany,E,Felix Nmecha,MF
Germany,E,Aleksandar Pavlovic,MF
Germany,E,Angelo Stiller,MF
Germany,E,Leon Goretzka,MF
Germany,E,Florian Wirtz,MF
Germany,E,Jamie Leweling,MF
Germany,E,Maximilian Beier,FW
Germany,E,Kai Havertz,FW
Germany,E,Assan Ouédraogo,FW
Germany,E,Jamal Musiala,FW
Germany,E,Leroy Sane,FW
Germany,E,Deniz Undav,FW
Germany,E,Nick Woltemade,FW
Curacao,E,Tyrick Bodak,GK
Curacao,E,Trevor Doornbusch,GK
Curacao,E,Eloy Room,GK
Curacao,E,Riechedly Bazoer,DF
Curacao,E,Joshua Brenet,DF
Curacao,E,Roshon van Eijma,DF
Curacao,E,Sherel Floranus,DF
Curacao,E,Deveron Fonville,DF
Curacao,E,Jurien Gaari,DF
Curacao,E,Armando Obispo,DF
Curacao,E,Shurandy Sambo,DF
Curacao,E,Juninho Bacuna,MF
Curacao,E,Leandro Bacuna,MF
Curacao,E,Livano Comenencia,MF
Curacao,E,Kevin Felida,MF
Curacao,E,Ar'Jany Martha,MF
Curacao,E,Tyrese Noslin,MF
Curacao,E,Godfried Roemeratoe,MF
Curacao,E,Jeremy Antonisse,FW
Curacao,E,Tahith Chong,FW
Curacao,E,Kenji Gorre,FW
Curacao,E,Sontje Hansen,FW
Curacao,E,Gervane Kastaneer,FW
Curacao,E,Brandley Kuwas,FW
Curacao,E,Jurgen Locadia,FW
Curacao,E,Jearl Margaritha,FW
Ivory Coast,E,Yahia Fofana,GK
Ivory Coast,E,Mohamed Kone,GK
Ivory Coast,E,Alban Lafont,GK
Ivory Coast,E,Emmanuel Agbadou,DF
Ivory Coast,E,Clement Akpa,DF
Ivory Coast,E,Ousmane Diomande,DF
Ivory Coast,E,Guela Doue,DF
Ivory Coast,E,Ghislain Konan,DF
Ivory Coast,E,Odilon Kossounou,DF
Ivory Coast,E,Evan Ndicka,DF
Ivory Coast,E,Wilfried Singo,DF
Ivory Coast,E,Seko Fofana,MF
Ivory Coast,E,Parfait Guiagon,MF
Ivory Coast,E,Christ Inao Oulai,MF
Ivory Coast,E,Franck Kessie,MF
Ivory Coast,E,Ibrahim Sangare,MF
Ivory Coast,E,Jean-Michael Seri,MF
Ivory Coast,E,Simon Adingra,FW
Ivory Coast,E,Ange-Yoan Bonny,FW
Ivory Coast,E,Amad Diallo,FW
Ivory Coast,E,Oumar Diakite,FW
Ivory Coast,E,Yan Diomande,FW
Ivory Coast,E,Evann Guessand,FW
Ivory Coast,E,Nicolas Pepe,FW
Ivory Coast,E,Bazoumana Toure,FW
Ivory Coast,E,Elye Wahi,FW
Ecuador,E,Hernan Galindez,GK
Ecuador,E,Moises Ramirez,GK
Ecuador,E,Gonzalo Valle,GK
Ecuador,E,Piero Hincapie,DF
Ecuador,E,Willian Pacho,DF
Ecuador,E,Pervis Estupinan,DF
Ecuador,E,Felix Torres,DF
Ecuador,E,Joel Ordonez,DF
Ecuador,E,Jackson Porozo,DF
Ecuador,E,Angelo Preciado,DF
Ecuador,E,Moises Caicedo,MF
Ecuador,E,Alan Franco,MF
Ecuador,E,Kendry Paez,MF
Ecuador,E,Pedro Vite,MF
Ecuador,E,Jordy Alcivar,MF
Ecuador,E,Denil Castillo,MF
Ecuador,E,Yaimar Medina,MF
Ecuador,E,Enner Valencia,FW
Ecuador,E,Kevin Rodriguez,FW
Ecuador,E,Jordy Caicedo,FW
Ecuador,E,Nilson Angulo,FW
Ecuador,E,Anthony Valencia,FW
Ecuador,E,Jeremy Arevalo,FW
Netherlands,F,Bart Verbruggen,GK
Netherlands,F,Mark Flekken,GK
Netherlands,F,Robin Roefs,GK
Netherlands,F,Virgil van Dijk,DF
Netherlands,F,Jan Paul van Hecke,DF
Netherlands,F,Nathan Ake,DF
Netherlands,F,Micky van de Ven,DF
Netherlands,F,Denzel Dumfries,DF
Netherlands,F,Jorrel Hato,DF
Netherlands,F,Jurrien Timber,DF
Netherlands,F,Frenkie de Jong,MF
Netherlands,F,Tijjani Reijnders,MF
Netherlands,F,Justin Kluivert,MF
Netherlands,F,Quinten Timber,MF
Netherlands,F,Teun Koopmeiners,MF
Netherlands,F,Ryan Gravenberch,MF
Netherlands,F,Marten de Roon,MF
Netherlands,F,Guus Til,MF
Netherlands,F,Mats Weiffer,MF
Netherlands,F,Cody Gakpo,FW
Netherlands,F,Donyell Malen,FW
Netherlands,F,Brian Brobbey,FW
Netherlands,F,Noa Lang,FW
Netherlands,F,Memphis Depay,FW
Netherlands,F,Wout Weghorst,FW
Netherlands,F,Crysencio Summerville,FW
Japan,F,Tomoki Hayakawa,GK
Japan,F,Keisuke Osako,GK
Japan,F,Zion Suzuki,GK
Japan,F,Yuto Nagatomo,DF
Japan,F,Shogo Taniguchi,DF
Japan,F,Ko Itakura,DF
Japan,F,Tsuyoshi Watanabe,DF
Japan,F,Takehiro Tomiyasu,DF
Japan,F,Hiroki Ito,DF
Japan,F,Ayumu Seko,DF
Japan,F,Yukinari Sugawara,DF
Japan,F,Junosuke Suzuki,DF
Japan,F,Wataru Endo,MF
Japan,F,Junya Ito,MF
Japan,F,Daichi Kamada,MF
Japan,F,Koki Ogawa,MF
Japan,F,Daizen Maeda,MF
Japan,F,Ritsu Doan,MF
Japan,F,Ao Tanaka,MF
Japan,F,Kaishu Sano,MF
Japan,F,Takefusa Kubo,MF
Japan,F,Ayase Ueda,FW
Japan,F,Keito Nakamura,FW
Japan,F,Ito Suzuki,FW
Japan,F,Kento Shiode,FW
Japan,F,Keisuke Goto,FW
Sweden,F,Viktor Johansson,GK
Sweden,F,Kristoffer Nordfeldt,GK
Sweden,F,Jacob Widell Zetterstrom,GK
Sweden,F,Hjalmar Ekdal,DF
Sweden,F,Gabriel Gudmundsson,DF
Sweden,F,Isak Hien,DF
Sweden,F,Emil Holm,DF
Sweden,F,Gustaf Lagerbielke,DF
Sweden,F,Victor Lindelof,DF
Sweden,F,Erik Smith,DF
Sweden,F,Carl Starfelt,DF
Sweden,F,Elliot Stroud,DF
Sweden,F,Daniel Svensson,DF
Sweden,F,Taha Ali,MF
Sweden,F,Yasin Ayari,MF
Sweden,F,Lucas Bergvall,MF
Sweden,F,Jesper Karlstrom,MF
Sweden,F,Ken Sema,MF
Sweden,F,Mattias Svanberg,MF
Sweden,F,Besfort Zeneli,MF
Sweden,F,Alexander Bernhardsson,FW
Sweden,F,Anthony Elanga,FW
Sweden,F,Viktor Gyokeres,FW
Sweden,F,Alexander Isak,FW
Sweden,F,Gustaf Nilsson,FW
Sweden,F,Benjamin Nygren,FW
Tunisia,F,Sabri Ben Hessen,GK
Tunisia,F,Abdelmouhib Chamakh,GK
Tunisia,F,Aymen Dahman,GK
Tunisia,F,Ali Abdi,DF
Tunisia,F,Adem Arous,DF
Tunisia,F,Mohamed Amine Ben Hamida,DF
Tunisia,F,Dylan Bronn,DF
Tunisia,F,Raed Chikhaoui,DF
Tunisia,F,Moutaz Neffati,DF
Tunisia,F,Omar Rekik,DF
Tunisia,F,Montassar Talbi,DF
Tunisia,F,Yan Valery,DF
Tunisia,F,Mortadha Ben Ouanes,MF
Tunisia,F,Anis Ben Slimane,MF
Tunisia,F,Ismael Gharbi,MF
Tunisia,F,Rani Khedira,MF
Tunisia,F,Mohamed Hadj Mahmoud,MF
Tunisia,F,Hannibal Mejbri,MF
Tunisia,F,Ellyes Skhiri,MF
Tunisia,F,Elias Achouri,FW
Tunisia,F,Khalil Ayari,FW
Tunisia,F,Firas Chaouat,FW
Tunisia,F,Rayan Elloumi,FW
Tunisia,F,Hazem Mastouri,FW
Tunisia,F,Elias Saad,FW
Tunisia,F,Sebastian Tounekti,FW
Belgium,G,Thibaut Courtois,GK
Belgium,G,Senne Lammens,GK
Belgium,G,Mike Penders,GK
Belgium,G,Timothy Castagne,DF
Belgium,G,Zeno Debast,DF
Belgium,G,Maxim De Cuyper,DF
Belgium,G,Koni De Winter,DF
Belgium,G,Brandon Mechele,DF
Belgium,G,Thomas Meunier,DF
Belgium,G,Nathan Ngoy,DF
Belgium,G,Joaquin Seys,DF
Belgium,G,Arthur Theate,DF
Belgium,G,Kevin De Bruyne,MF
Belgium,G,Amadou Onana,MF
Belgium,G,Nicolas Raskin,MF
Belgium,G,Youri Tielemans,MF
Belgium,G,Hans Vanaken,MF
Belgium,G,Axel Witsel,MF
Belgium,G,Charles De Ketelaere,FW
Belgium,G,Jeremy Doku,FW
Belgium,G,Matias Fernandez-Pardo,FW
Belgium,G,Romelu Lukaku,FW
Belgium,G,Dodi Lukebakio,FW
Belgium,G,Diego Moreira,FW
Belgium,G,Alexis Saelemaekers,FW
Belgium,G,Leandro Trossard,FW
Egypt,G,Mohamed El Shenawy,GK
Egypt,G,Mostafa Shobeir,GK
Egypt,G,El Mahdi Soliman,GK
Egypt,G,Mohamed Alaa,GK
Egypt,G,Mohamed Hany,DF
Egypt,G,Tarek Alaa,DF
Egypt,G,Hamdy Fathy,DF
Egypt,G,Rami Rabia,DF
Egypt,G,Yasser Ibrahim,DF
Egypt,G,Hossam Abdelmaguid,DF
Egypt,G,Mohamed Abdelmonemn,DF
Egypt,G,Ahmed Fatouh,DF
Egypt,G,Karim Hafez,DF
Egypt,G,Marwan Ateya,MF
Egypt,G,Mohanad Lasheen,MF
Egypt,G,Nabil Emad,MF
Egypt,G,Mahmoud Saber,MF
Egypt,G,Ahmed Zizo,MF
Egypt,G,Emam Ashour,MF
Egypt,G,Mostafa Ziko,MF
Egypt,G,Mahmoud Trezeguet,MF
Egypt,G,Ibrahim Adel,MF
Egypt,G,Haissem Hassan,MF
Egypt,G,Omar Marmoush,FW
Egypt,G,Mohamed Salah,FW
Egypt,G,Aqtay Abdallah,FW
Egypt,G,Hamza Abdelkarim,FW
Iran,G,Alireza Beiranvand,GK
Iran,G,Seyed Hossein Hosseini,GK
Iran,G,Payam Niazmand,GK
Iran,G,Danial Eiri,DF
Iran,G,Ehsan Hajsafi,DF
Iran,G,Saleh Hardani,DF
Iran,G,Hossein Kanaani,DF
Iran,G,Shoja Khalilzadeh,DF
Iran,G,Milad Mohammadi,DF
Iran,G,Ali Nemati,DF
Iran,G,Ramin Rezaeian,DF
Iran,G,Rouzbeh Cheshmi,MF
Iran,G,Saeid Ezatolahi,MF
Iran,G,Mehdi Ghaedi,MF
Iran,G,Saman Ghoddos,MF
Iran,G,Mohammad Ghorbani,MF
Iran,G,Alireza Jahanbakhsh,MF
Iran,G,Mohammad Mohebi,MF
Iran,G,Amir Mohammad Razzaghinia,MF
Iran,G,Mehdi Torabi,MF
Iran,G,Aria Yousefi,MF
Iran,G,Ali Alipour,FW
Iran,G,Dennis Dargahi,FW
Iran,G,Amirhossein Hosseinzadeh,FW
Iran,G,Mehdi Taremi,FW
Iran,G,Shahriar Moghanlou,FW
New Zealand,G,Max Crocombe,GK
New Zealand,G,Alex Paulsen,GK
New Zealand,G,Michael Woud,GK
New Zealand,G,Tim Payne,DF
New Zealand,G,Francis De Vries,DF
New Zealand,G,Tyler Bindon,DF
New Zealand,G,Michael Boxall,DF
New Zealand,G,Liberato Cacace,DF
New Zealand,G,Nando Pijnaker,DF
New Zealand,G,Finn Surman,DF
New Zealand,G,Callan Elliot,DF
New Zealand,G,Tommy Smith,DF
New Zealand,G,Joe Bell,MF
New Zealand,G,Matt Garbett,MF
New Zealand,G,Marko Stamenic,MF
New Zealand,G,Sarpreet Singh,MF
New Zealand,G,Alex Rufer,MF
New Zealand,G,Ryan Thomas,MF
New Zealand,G,Chris Wood,FW
New Zealand,G,Eli Just,FW
New Zealand,G,Kosta Barbarouses,FW
New Zealand,G,Ben Waine,FW
New Zealand,G,Ben Old,FW
New Zealand,G,Callum McCowatt,FW
New Zealand,G,Jesse Randall,FW
New Zealand,G,Lachlan Bayliss,FW
Spain,H,Unai Simon,GK
Spain,H,David Raya,GK
Spain,H,Joan Garcia,GK
Spain,H,Aymeric Laporte,DF
Spain,H,Marc Cucurella,DF
Spain,H,Marcos Llorente,DF
Spain,H,Eric Garcia,DF
Spain,H,Pedro Porro,DF
Spain,H,Alex Grimaldo,DF
Spain,H,Pau Cubarsi,DF
Spain,H,Marc Pubill,DF
Spain,H,Rodri,MF
Spain,H,Fabian Ruiz,MF
Spain,H,Mikel Merino,MF
Spain,H,Pedri,MF
Spain,H,Gavi,MF
Spain,H,Martin Zubimendi,MF
Spain,H,Alex Baena,MF
Spain,H,Ferran Torres,FW
Spain,H,Mikel Oyarzabal,FW
Spain,H,Dani Olmo,FW
Spain,H,Nico Williams,FW
Spain,H,Lamine Yamal,FW
Spain,H,Yeremy Pino,FW
Spain,H,Borja Iglesias,FW
Spain,H,Victor Munoz,FW
Cape Verde,H,Vozinha,GK
Cape Verde,H,Marcio Rosa,GK
Cape Verde,H,CJ dos Santos,GK
Cape Verde,H,Stopira,DF
Cape Verde,H,Roberto Lopes,DF
Cape Verde,H,Joao Paulo,DF
Cape Verde,H,Diney,DF
Cape Verde,H,Logan Costa,DF
Cape Verde,H,Steven Moreira,DF
Cape Verde,H,Wagner Pina,DF
Cape Verde,H,Sidny Lopes Cabral,DF
Cape Verde,H,Kelvin Pires,DF
Cape Verde,H,Jamiro Monteiro,MF
Cape Verde,H,Kevin Pina,MF
Cape Verde,H,Deroy Duarte,MF
Cape Verde,H,Telmo Arcanjo,MF
Cape Verde,H,Laros Duarte,MF
Cape Verde,H,Yannick Semedo,MF
Cape Verde,H,Ryan Mendes,FW
Cape Verde,H,Garry Rodrigues,FW
Cape Verde,H,Willy Semedo,FW
Cape Verde,H,Jovane Cabral,FW
Cape Verde,H,Gilson Tavares,FW
Cape Verde,H,Dailon Livramento,FW
Cape Verde,H,Helio Varela,FW
Cape Verde,H,Nuno da Costa,FW
Saudi Arabia,H,Mohammed Al Owais,GK
Saudi Arabia,H,Nawaf Al Aqidi,GK
Saudi Arabia,H,Ahmed Al Kassar,GK
Saudi Arabia,H,Abdulelah Al Amri,DF
Saudi Arabia,H,Hassan Tambakti,DF
Saudi Arabia,H,Jehad Thikri,DF
Saudi Arabia,H,Ali Lajami,DF
Saudi Arabia,H,Hassan Kadesh,DF
Saudi Arabia,H,Saud Abdulhamid,DF
Saudi Arabia,H,Mohammed Abu Al Shamat,DF
Saudi Arabia,H,Ali Majrashi,DF
Saudi Arabia,H,Moteb Al Harbi,DF
Saudi Arabia,H,Nawaf Boushal,DF
Saudi Arabia,H,Sultan Al-Ghannam,DF
Saudi Arabia,H,Mohammed Kanno,MF
Saudi Arabia,H,Abdullah Al Khaibari,MF
Saudi Arabia,H,Ziyad Al Johani,MF
Saudi Arabia,H,Nasser Al Dawsari,MF
Saudi Arabia,H,Musab Al Juwayr,MF
Saudi Arabia,H,Alaa Al Hajji,MF
Saudi Arabia,H,Salem Al Dawsari,MF
Saudi Arabia,H,Khalid Al Ghannam,MF
Saudi Arabia,H,Ayman Yahya,MF
Saudi Arabia,H,Firas Al Buraikan,FW
Saudi Arabia,H,Saleh Al Shehri,FW
Saudi Arabia,H,Abdullah Al Hamdan,FW
Uruguay,H,Sergio Rochet,GK
Uruguay,H,Fernando Muslera,GK
Uruguay,H,Santiago Mele,GK
Uruguay,H,Guillermo Varela,DF
Uruguay,H,Ronald Araujo,DF
Uruguay,H,Jose Maria Gimenez,DF
Uruguay,H,Santiago Bueno,DF
Uruguay,H,Sebastian Caceres,DF
Uruguay,H,Mathias Olivera,DF
Uruguay,H,Joaquin Piquerez,DF
Uruguay,H,Matias Vina,DF
Uruguay,H,Juan Manuel Sanabria,DF
Uruguay,H,Manuel Ugarte,MF
Uruguay,H,Emiliano Martinez,MF
Uruguay,H,Rodrigo Bentancur,MF
Uruguay,H,Federico Valverde,MF
Uruguay,H,Agustin Canobbio,MF
Uruguay,H,Giorgian de Arrascaeta,MF
Uruguay,H,Nicolas de la Cruz,MF
Uruguay,H,Facundo Pellistri,MF
Uruguay,H,Rodrigo Zalazar,MF
Uruguay,H,Maxi Araujo,MF
Uruguay,H,Brian Rodriguez,MF
Uruguay,H,Rodrigo Aguirre,FW
Uruguay,H,Federico Vinas,FW
Uruguay,H,Darwin Nunez,FW
France,I,Mike Maignan,GK
France,I,Robin Risser,GK
France,I,Brice Samba,GK
France,I,Lucas Digne,DF
France,I,Malo Gusto,DF
France,I,Lucas Hernandez,DF
France,I,Theo Hernandez,DF
France,I,Ibrahima Konate,DF
France,I,Jules Kounde,DF
France,I,Maxence Lacroix,DF
France,I,William Saliba,DF
France,I,Dayot Upamecano,DF
France,I,N'Golo Kante,MF
France,I,Manu Kone,MF
France,I,Adrien Rabiot,MF
France,I,Aurelien Tchouameni,MF
France,I,Warren Zaire-Emery,MF
France,I,Maghnes Akliouche,FW
France,I,Bradley Barcola,FW
France,I,Rayan Cherki,FW
France,I,Ousmane Dembele,FW
France,I,Desire Doue,FW
France,I,Jean-Philippe Mateta,FW
France,I,Kylian Mbappe,FW
France,I,Michael Olise,FW
France,I,Marcus Thuram,FW
Senegal,I,Edouard Mendy,GK
Senegal,I,Mory Diaw,GK
Senegal,I,Yehvann Diouf,GK
Senegal,I,Krepin Diatta,DF
Senegal,I,Antoine Mendy,DF
Senegal,I,Kalidou Koulibaly,DF
Senegal,I,El Hadji Malick Diouf,DF
Senegal,I,Mamadou Sarr,DF
Senegal,I,Moussa Niakhate,DF
Senegal,I,Moustapha Mbow,DF
Senegal,I,Abdoulaye Seck,DF
Senegal,I,Ismail Jakobs,DF
Senegal,I,Ilay Camara,DF
Senegal,I,Idrissa Gana Gueye,MF
Senegal,I,Pape Gueye,MF
Senegal,I,Lamine Camara,MF
Senegal,I,Habib Diarra,MF
Senegal,I,Pathe Ciss,MF
Senegal,I,Pape Matar Sarr,MF
Senegal,I,Bara Sapoko Ndiaye,MF
Senegal,I,Sadio Mane,FW
Senegal,I,Ismaila Sarr,FW
Senegal,I,Iliman Ndiaye,FW
Senegal,I,Assane Diao,FW
Senegal,I,Ibrahim Mbaye,FW
Senegal,I,Nicolas Jackson,FW
Senegal,I,Bamba Dieng,FW
Senegal,I,Cherif Ndiaye,FW
Iraq,I,Fahad Talib,GK
Iraq,I,Jalal Hassan,GK
Iraq,I,Ahmed Basil,GK
Iraq,I,Hussein Ali,DF
Iraq,I,Manaf Younis,DF
Iraq,I,Ahmed Yahya,DF
Iraq,I,Mustafa Saadoon,DF
Iraq,I,Zaid Tahseen,DF
Iraq,I,Rebin Sulaka,DF
Iraq,I,Akam Hashim,DF
Iraq,I,Merchas Doski,DF
Iraq,I,Zaid Ismail,DF
Iraq,I,Frans Putros,DF
Iraq,I,Amir Al-Ammari,MF
Iraq,I,Kevin Yakob,MF
Iraq,I,Zidane Iqbal,MF
Iraq,I,Aimar Sher,MF
Iraq,I,Ibrahim Bayesh,MF
Iraq,I,Ahmed Qasem,MF
Iraq,I,Youssef Amyn,MF
Iraq,I,Marko Farji,MF
Iraq,I,Ali Jassim,FW
Iraq,I,Ali Al-Hamadi,FW
Iraq,I,Ali Yousef,FW
Iraq,I,Aymen Hussein,FW
Iraq,I,Mohanad Ali,FW
Norway,I,Orjan Haskjold Nyland,GK
Norway,I,Egil Selvik,GK
Norway,I,Sander Tangvik,GK
Norway,I,Julian Ryerson,DF
Norway,I,Marcus Holmgren Pedersen,DF
Norway,I,David Moller Wolfe,DF
Norway,I,Fredrik Bjorkan,DF
Norway,I,Kristoffer Ajer,DF
Norway,I,Torbjorn Heggem,DF
Norway,I,Leo Skiri Ostigard,DF
Norway,I,Sondre Langas,DF
Norway,I,Henrik Falchener,DF
Norway,I,Martin Odegaard,MF
Norway,I,Sander Berge,MF
Norway,I,Fredrik Aursnes,MF
Norway,I,Patrick Berg,MF
Norway,I,Kristian Thorstvedt,MF
Norway,I,Morten Thorsby,MF
Norway,I,Thelo Aasgaard,MF
Norway,I,Erling Haaland,FW
Norway,I,Alexander Sorloth,FW
Norway,I,Jorgen Strand Larsen,FW
Norway,I,Antonio Nusa,FW
Norway,I,Oscar Bobb,FW
Norway,I,Andreas Schjelderup,FW
Norway,I,Jens Petter Hauge,FW
Argentina,J,Emiliano Martinez,GK
Argentina,J,Juan Musso,GK
Argentina,J,Geronimo Rulli,GK
Argentina,J,Leonardo Balerdi,DF
Argentina,J,Lisandro Martínez,DF
Argentina,J,Facundo Medina,DF
Argentina,J,Nahuel Molina,DF
Argentina,J,Gonzalo Montiel,DF
Argentina,J,Nicolas Otamendi,DF
Argentina,J,Cristian Romero,DF
Argentina,J,Nicolas Tagliafico,DF
Argentina,J,Valentín Barco,MF
Argentina,J,Rodrigo De Paul,MF
Argentina,J,Enzo Fernandez,MF
Argentina,J,Giovani Lo Celso,MF
Argentina,J,Alexis Mac Allister,MF
Argentina,J,Exequiel Palacios,MF
Argentina,J,Leandro Paredes,MF
Argentina,J,Thiago Almada,FW
Argentina,J,Julian Alvarez,FW
Argentina,J,Nicolas Gonzalez,FW
Argentina,J,Jose Manuel Lopez,FW
Argentina,J,Lautaro Martínez,FW
Argentina,J,Lionel Messi,FW
Argentina,J,Nicolas Paz,FW
Argentina,J,Giuliano Simeone,FW
Algeria,J,Luca Zidane,GK
Algeria,J,Oussama Benbot,GK
Algeria,J,Melvin Mastil,GK
Algeria,J,Aissa Mandi,DF
Algeria,J,Ramy Bensebaini,DF
Algeria,J,Mohamed Amine Tougai,DF
Algeria,J,Rayan Ait-Nouri,DF
Algeria,J,Jaouen Hadjam,DF
Algeria,J,Rafik Belghali,DF
Algeria,J,Zineddine Belaid,DF
Algeria,J,Achref Abada,DF
Algeria,J,Samir Chergui,DF
Algeria,J,Nabil Bentaleb,MF
Algeria,J,Ramiz Zerrouki,MF
Algeria,J,Hicham Boudaoui,MF
Algeria,J,Fares Chaibi,MF
Algeria,J,Houssem Aouar,MF
Algeria,J,Ibrahim Maza,MF
Algeria,J,Yacine Titraoui,MF
Algeria,J,Riyad Mahrez,FW
Algeria,J,Mohamed Amoura,FW
Algeria,J,Amine Gouiri,FW
Algeria,J,Anis Hadj Moussa,FW
Algeria,J,Adil Boulbina,FW
Algeria,J,Nadhir Benbouali,FW
Algeria,J,Fares Ghedjemis,FW
Austria,J,Alexander Schlager,GK
Austria,J,Florian Wiegele,GK
Austria,J,Patrick Pentz,GK
Austria,J,David Affengruber,DF
Austria,J,Kevin Danso,DF
Austria,J,Stefan Posch,DF
Austria,J,David Alaba,DF
Austria,J,Philipp Lienhart,DF
Austria,J,Phillipp Mwene,DF
Austria,J,Alexander Prass,DF
Austria,J,Marco Friedl,DF
Austria,J,Michael Svoboda,DF
Austria,J,Xaver Schlager,MF
Austria,J,Nicolas Seiwald,MF
Austria,J,Marcel Sabitzer,MF
Austria,J,Florian Grillitsch,MF
Austria,J,Carney Chukwuemeka,MF
Austria,J,Romano Schmid,MF
Austria,J,Konrad Laimer,MF
Austria,J,Patrick Wimmer,MF
Austria,J,Paul Wanner,MF
Austria,J,Alessandro Schopf,MF
Austria,J,Marko Arnautovic,FW
Austria,J,Michael Gregoritsch,FW
Austria,J,Sasa Kalajdzic,FW
Jordan,J,Yazeed Abulaila,GK
Jordan,J,Abdallah Al-Fakhouri,GK
Jordan,J,Nour Bani Attiah,GK
Jordan,J,Ihsan Haddad,DF
Jordan,J,Yazan Al-Arab,DF
Jordan,J,Abdallah Nasib,DF
Jordan,J,Mohammad Abu Hashish,DF
Jordan,J,Saed Al-Rosan,DF
Jordan,J,Husam Abu Dahab,DF
Jordan,J,Mo Abualnadi,DF
Jordan,J,Salim Obaid,DF
Jordan,J,Anas Badawi,DF
Jordan,J,Rajaei Ayed,MF
Jordan,J,Noor Al-Rawabdeh,MF
Jordan,J,Ibrahim Sadeh,MF
Jordan,J,Nizar Al-Rashdan,MF
Jordan,J,Mohannad Abu Taha,MF
Jordan,J,Amer Jamous,MF
Jordan,J,Mohammad Al-Dawoud,MF
Jordan,J,Musa Al-Taamari,FW
Jordan,J,Mahmoud Al-Mardi,FW
Jordan,J,Ali Olwan,FW
Jordan,J,Mohammad Abu Zrayq,FW
Jordan,J,Odeh Al-Fakhouri,FW
Jordan,J,Ibrahim Sabra,FW
Jordan,J,Ali Azaizeh,FW
Portugal,K,Diogo Costa,GK
Portugal,K,Jose Sa,GK
Portugal,K,Rui Silva,GK
Portugal,K,Ricardo Velho,GK
Portugal,K,Diogo Dalot,DF
Portugal,K,Matheus Nunes,DF
Portugal,K,Nélson Semedo,DF
Portugal,K,Joao Cancelo,DF
Portugal,K,Nuno Mendes,DF
Portugal,K,Goncalo Inacio,DF
Portugal,K,Renato Veiga,DF
Portugal,K,Ruben Dias,DF
Portugal,K,Tomas Araujo,DF
Portugal,K,Ruben Neves,MF
Portugal,K,Samuel Costa,MF
Portugal,K,Joao Neves,MF
Portugal,K,Vitinha,MF
Portugal,K,Bruno Fernandes,MF
Portugal,K,Bernardo Silva,MF
Portugal,K,Joao Felix,FW
Portugal,K,Francisco Trincao,FW
Portugal,K,Francisco Conceicao,FW
Portugal,K,Pedro Neto,FW
Portugal,K,Rafael Leao,FW
Portugal,K,Goncalo Guedes,FW
Portugal,K,Goncalo Ramos,FW
Portugal,K,Cristiano Ronaldo,FW
DR Congo,K,Matthieu Epolo,GK
DR Congo,K,Timothy Fayulu,GK
DR Congo,K,Lionel Mpasi,GK
DR Congo,K,Dylan Batubinsika,DF
DR Congo,K,Rocky Bushiri,DF
DR Congo,K,Gedeon Kalulu,DF
DR Congo,K,Steve Kapuadi,DF
DR Congo,K,Joris Kayembe,DF
DR Congo,K,Arthur Masuaku,DF
DR Congo,K,Chancel Mbemba,DF
DR Congo,K,Axel Tuanzebe,DF
DR Congo,K,Aaron Wan-Bissaka,DF
DR Congo,K,Theo Bongonda,MF
DR Congo,K,Brian Cipenga,MF
DR Congo,K,Meshack Elia,MF
DR Congo,K,Gael Kakuta,MF
DR Congo,K,Edo Kayembe,MF
DR Congo,K,Nathanael Mbuku,MF
DR Congo,K,Samuel Moutoussamy,MF
DR Congo,K,Ngal'ayel Mukau,MF
DR Congo,K,Charles Pickel,MF
DR Congo,K,Noah Sadiki,MF
DR Congo,K,Cedric Bakambu,FW
DR Congo,K,Simon Banza,FW
DR Congo,K,Fiston Mayele,FW
DR Congo,K,Yoane Wissa,FW
Uzbekistan,K,Utkir Yusupov,GK
Uzbekistan,K,Abduvohid Nematov,GK
Uzbekistan,K,Botirali Ergashev,GK
Uzbekistan,K,Rustam Ashurmatov,DF
Uzbekistan,K,Farrukh Sayfiev,DF
Uzbekistan,K,Khojiakbar Alijonov,DF
Uzbekistan,K,Sherzod Nasrullaev,DF
Uzbekistan,K,Umar Eshmurodov,DF
Uzbekistan,K,Abdukodir Khusanov,DF
Uzbekistan,K,Abdulla Abdullaev,DF
Uzbekistan,K,Bekhruz Karimov,DF
Uzbekistan,K,Jakhongir Urozov,DF
Uzbekistan,K,Avazbek Ulmasaliev,DF
Uzbekistan,K,Otabek Shukurov,MF
Uzbekistan,K,Jaloliddin Masharipov,MF
Uzbekistan,K,Odiljon Hamrobekov,MF
Uzbekistan,K,Oston Urunov,MF
Uzbekistan,K,Jamshid Iskanderov,MF
Uzbekistan,K,Dostonbek Khamdamov,MF
Uzbekistan,K,Abbosbek Fayzullaev,MF
Uzbekistan,K,Akmal Mozgovoy,MF
Uzbekistan,K,Azizjon Ganiev,MF
Uzbekistan,K,Sherzod Esanov,MF
Uzbekistan,K,Eldor Shomurodov,FW
Uzbekistan,K,Igor Sergeev,FW
Uzbekistan,K,Azizbek Amonov,FW
Colombia,K,Camilo Vargas,GK
Colombia,K,Alvaro Montero,GK
Colombia,K,David Ospina,GK
Colombia,K,Davinson Sanchez,DF
Colombia,K,Jhon Lucumi,DF
Colombia,K,Yerry Mina,DF
Colombia,K,Willer Ditta,DF
Colombia,K,Daniel Munoz,DF
Colombia,K,Santiago Arias,DF
Colombia,K,Johan Mojica,DF
Colombia,K,Deiver Machado,DF
Colombia,K,Richard Rios,MF
Colombia,K,Jefferson Lerma,MF
Colombia,K,Kevin Castano,MF
Colombia,K,Juan Camilo Portilla,MF
Colombia,K,Gustavo Puerta,MF
Colombia,K,Jhon Arias,MF
Colombia,K,Jorge Carrascal,MF
Colombia,K,Juan Fernando Quintero,MF
Colombia,K,James Rodriguez,MF
Colombia,K,Jaminton Campaz,MF
Colombia,K,Juan Camilo Hernandez,FW
Colombia,K,Luis Diaz,FW
Colombia,K,Luis Suarez,FW
Colombia,K,Carlos Andres Gomez,FW
Colombia,K,Jhon Cordoba,FW
England,L,Jordan Pickford,GK
England,L,Dean Henderson,GK
England,L,James Trafford,GK
England,L,Reece James,DF
England,L,Ezri Konsa,DF
England,L,Jarell Quansah,DF
England,L,John Stones,DF
England,L,Marc Guehi,DF
England,L,Dan Burn,DF
England,L,Nico O'Reilly,DF
England,L,Djed Spence,DF
England,L,Tino Livramento,DF
England,L,Declan Rice,MF
England,L,Elliot Anderson,MF
England,L,Kobbie Mainoo,MF
England,L,Jordan Henderson,MF
England,L,Morgan Rogers,MF
England,L,Jude Bellingham,MF
England,L,Eberechi Eze,MF
England,L,Harry Kane,FW
England,L,Ivan Toney,FW
England,L,Ollie Watkins,FW
England,L,Bukayo Saka,FW
England,L,Marcus Rashford,FW
England,L,Anthony Gordon,FW
England,L,Noni Madueke,FW
Croatia,L,Dominik Livakovic,GK
Croatia,L,Dominik Kotarski,GK
Croatia,L,Ivor Pandur,GK
Croatia,L,Josko Gvardiol,DF
Croatia,L,Duje Caleta-Car,DF
Croatia,L,Josip Sutalo,DF
Croatia,L,Josip Stanisic,DF
Croatia,L,Marin Pongracic,DF
Croatia,L,Martin Erlic,DF
Croatia,L,Luka Vuskovic,DF
Croatia,L,Luka Modric,MF
Croatia,L,Mateo Kovacic,MF
Croatia,L,Mario Pasalic,MF
Croatia,L,Nikola Vlasic,MF
Croatia,L,Luka Sucic,MF
Croatia,L,Martin Baturina,MF
Croatia,L,Kristijan Jakic,MF
Croatia,L,Petar Sucic,MF
Croatia,L,Nikola Moro,MF
Croatia,L,Toni Fruk,MF
Croatia,L,Ivan Perisic,FW
Croatia,L,Andrej Kramaric,FW
Croatia,L,Ante Budimir,FW
Croatia,L,Marco Pasalic,FW
Croatia,L,Petar Musa,FW
Croatia,L,Igor Matanovic,FW
Ghana,L,Benjamin Asare,GK
Ghana,L,Lawrence Ati-Zigi,GK
Ghana,L,Joseph Anang,GK
Ghana,L,Baba Abdul Rahman,DF
Ghana,L,Gideon Mensah,DF
Ghana,L,Marvin Senaya,DF
Ghana,L,Alidu Seidu,DF
Ghana,L,Abdul Mumin,DF
Ghana,L,Jerome Opoku,DF
Ghana,L,Jonas Adjetey,DF
Ghana,L,Kojo Oppong Peprah,DF
Ghana,L,Elisha Owusu,DF
Ghana,L,Derrick Luckassen,DF
Ghana,L,Thomas Partey,MF
Ghana,L,Kwasi Sibo,MF
Ghana,L,Augustine Boakye,MF
Ghana,L,Caleb Yirenkyi,MF
Ghana,L,Abdul Fatawu Issahaku,MF
Ghana,L,Kamaldeen Sulemana,FW
Ghana,L,Christopher Bonsu Baah,FW
Ghana,L,Ernest Nuamah,FW
Ghana,L,Antoine Semenyo,FW
Ghana,L,Brandon Thomas-Asante,FW
Ghana,L,Prince Kwabena Adu,FW
Ghana,L,Inaki Williams,FW
Ghana,L,Jordan Ayew,FW
Panama,L,Luis Mejia,GK
Panama,L,Orlando Mosquera,GK
Panama,L,Cesar Samudio,GK
Panama,L,Eric Davis,DF
Panama,L,Fidel Escobar,DF
Panama,L,Michael Amir Murillo,DF
Panama,L,Roderick Miller,DF
Panama,L,Andres Andrade,DF
Panama,L,Cesar Blackman,DF
Panama,L,Jose Cordoba,DF
Panama,L,Jiovany Ramos,DF
Panama,L,Jorge Gutierrez,DF
Panama,L,Edgardo Farina,DF
Panama,L,Anibal Godoy,MF
Panama,L,Alberto Quintero,MF
Panama,L,Yoel Barcenas,MF
Panama,L,Adalberto Carrasquilla,MF
Panama,L,Jose Luis Rodriguez,MF
Panama,L,Cristian Martinez,MF
Panama,L,Cesar Yanis,MF
Panama,L,Carlos Harvey,MF
Panama,L,Azarias Londono,MF
Panama,L,Jose Fajardo,FW
Panama,L,Ismael Diaz,FW
Panama,L,Cecilio Waterman,FW
Panama,L,Tomas Rodriguez,FW
